Location,Cat_A_2023,Cat_B_2023,Cat_C_2023,Cat_D_2023,Avg_Score_2023,Cat_A,Cat_B,Cat_C,Cat_D,Avg_Score,Cat_A_diff,Cat_B_diff,Cat_C_diff,Cat_D_diff,Avg_diff
Taipei - Taoyuan,5.76,0.04,7.47,0.73,3.5,5.61,0.07,7.41,1.42,3.63,-0.15,0.03,-0.06,0.69,0.13
Incheon,2.17,0.0,4.74,0.98,1.97,2.6,0.0,4.62,1.78,2.25,0.43,0.0,-0.12,0.8,0.28
Dubai,5.41,4.06,3.6,8.04,5.28,4.49,3.92,3.86,8.41,5.17,-0.92,-0.14,0.26,0.37,-0.11
Jeju,4.21,0.01,3.37,1.13,2.18,3.89,0.28,2.48,1.22,1.97,-0.32,0.27,-0.89,0.09,-0.21
Tel-Aviv,6.25,5.63,7.7,7.53,6.78,6.01,5.88,8.83,7.3,7.0,-0.24,0.25,1.13,-0.23,0.22
Shanghai Pudong,4.1,1.72,1.86,2.28,2.49,4.17,1.76,1.66,2.27,2.46,0.07,0.04,-0.2,-0.01,-0.03
Istanbul Airport,6.67,6.06,8.47,8.39,7.4,5.89,6.15,8.54,8.38,7.24,-0.78,0.09,0.07,-0.01,-0.16
Doha,5.7,10.0,5.22,7.87,6.26,5.24,9.53,5.14,7.18,6.77,-0.46,-0.47,-0.08,-0.69,0.51
Kuwait,7.24,7.73,7.39,9.18,7.88,7.57,8.43,7.62,9.42,8.26,0.33,0.7,0.23,0.24,0.38
Tokyo - Narita,5.68,2.75,7.32,5.61,5.34,5.56,2.85,7.02,4.94,5.09,-0.12,0.1,-0.3,-0.67,-0.25
Antalya Airport,5.49,6.61,8.24,8.33,7.17,4.47,5.52,8.05,8.74,6.7,-1.02,-1.09,-0.19,0.41,-0.47
Hong Kong,6.41,1.18,6.73,0.02,3.58,6.39,0.8,7.14,0.05,3.6,-0.02,-0.38,0.41,0.03,0.02
Amman,7.37,7.21,9.5,8.78,8.22,6.93,6.55,9.54,9.84,8.22,-0.44,-0.66,0.04,1.06,0.0
Tokyo - Haneda,6.42,10.0,7.36,5.55,6.44,6.26,10.0,7.57,5.39,7.3,-0.16,0.0,0.21,-0.16,0.86
Osaka - Kansai,5.52,3.54,5.61,5.28,4.99,6.18,3.41,6.5,5.47,5.39,0.66,-0.13,0.89,0.19,0.4
Beijing,6.67,1.92,3.1,2.58,3.57,6.17,1.32,2.72,2.42,3.16,-0.5,-0.6,-0.38,-0.16,-0.41
Beirut - Rafik Hariri,5.53,10.0,2.85,8.74,5.71,5.76,10.0,3.21,8.59,6.89,0.23,0.0,0.36,-0.15,1.18
Marrakech,7.56,7.18,9.7,8.07,8.13,7.38,6.67,10.0,8.71,8.19,-0.18,-0.51,0.3,0.64,0.06
Istanbul Asia Airport,6.56,6.77,6.69,8.47,7.12,7.29,6.31,7.24,8.06,7.22,0.73,-0.46,0.55,-0.41,0.1
Cairo,6.92,6.23,5.19,8.64,6.74,6.71,6.21,5.05,7.81,6.44,-0.21,-0.02,-0.14,-0.83,-0.3
Everrich Downtown Kinmen,4.85,0.04,0.0,0.0,1.22,5.15,0.43,0.0,0.54,1.53,0.3,0.39,0.0,0.54,0.31
Tenerife,6.67,6.73,8.85,0.0,5.56,6.18,6.02,9.38,0.34,5.48,-0.49,-0.71,0.53,0.34,-0.08
RIYADH,7.33,8.56,6.3,0.0,5.55,7.89,8.45,5.6,0.0,5.48,0.56,-0.11,-0.7,0.0,-0.07
Guangzhou Baiyun,7.44,2.45,5.08,3.09,4.52,7.69,3.85,5.06,3.66,5.07,0.25,1.4,-0.02,0.57,0.55
Addis Ababa,6.06,9.2,9.33,9.87,8.61,6.25,9.33,9.15,9.77,8.62,0.19,0.13,-0.18,-0.1,0.01
Palma De Mallorca,6.0,3.93,8.04,8.45,6.6,5.73,3.8,7.67,8.11,6.33,-0.27,-0.13,-0.37,-0.34,-0.27
Muscat,5.67,10.0,4.53,7.89,6.03,5.98,10.0,4.38,8.11,7.12,0.31,0.0,-0.15,0.22,1.09
Casablanca,7.04,7.48,9.81,8.19,8.13,7.21,7.37,9.77,7.45,7.95,0.17,-0.11,-0.04,-0.74,-0.18
Busan - Kimhae,3.52,0.0,3.4,0.69,1.9,3.19,0.2,3.1,0.64,1.78,-0.33,0.2,-0.3,-0.05,-0.12
Jeddah,6.04,8.56,6.38,9.69,7.67,6.14,8.6,5.82,8.89,7.36,0.1,0.04,-0.56,-0.8,-0.31
Abu Dhabi,5.75,10.0,4.52,8.95,6.41,6.04,9.4,4.89,8.94,7.32,0.29,-0.6,0.37,-0.01,0.91
Alicante,7.33,6.63,7.72,8.25,7.48,7.34,6.38,8.22,8.72,7.66,0.01,-0.25,0.5,0.47,0.18
Gran Canaria,5.33,6.73,8.76,8.29,7.28,5.81,6.63,9.05,7.44,7.23,0.48,-0.1,0.29,-0.85,-0.05
Tunis,6.54,7.48,5.21,8.16,6.85,6.75,7.57,4.79,7.68,6.7,0.21,0.09,-0.42,-0.48,-0.15
Paris Charles De Gaulle,7.62,6.59,7.02,9.71,7.74,7.51,7.02,6.47,9.84,7.71,-0.11,0.43,-0.55,0.13,-0.03
Malaga,7.0,6.44,7.07,9.35,7.46,6.63,5.55,7.24,9.63,7.26,-0.37,-0.89,0.17,0.28,-0.2
Barcelona,7.0,3.36,7.49,3.37,5.31,7.02,4.16,8.22,3.39,5.7,0.02,0.8,0.73,0.02,0.39
Zurich,6.67,7.92,8.32,8.31,7.8,6.27,8.34,9.09,8.66,8.09,-0.4,0.42,0.77,0.35,0.29
Dalaman Airport,5.89,5.11,8.9,6.89,6.7,5.86,5.29,9.63,6.71,6.87,-0.03,0.18,0.73,-0.18,0.17
Manchester,6.67,6.11,6.4,6.31,6.37,6.85,5.65,5.37,6.37,6.06,0.18,-0.46,-1.03,0.06,-0.31
Belgrade,7.5,3.65,2.95,8.85,5.74,7.4,4.02,2.46,9.29,5.79,-0.1,0.37,-0.49,0.44,0.05
Tirana,5.56,6.98,5.57,8.2,6.58,4.33,6.8,5.84,7.68,6.16,-1.23,-0.18,0.27,-0.52,-0.42
Hurgada,6.67,10.0,8.03,7.23,7.31,6.22,9.92,7.83,7.17,7.78,-0.45,-0.08,-0.2,-0.06,0.47
Kuala Lumpur,6.97,5.27,5.49,3.59,5.33,7.1,5.33,4.99,3.76,5.3,0.13,0.06,-0.5,0.17,-0.03
Cancun,7.12,7.3,5.0,8.87,7.07,8.06,7.48,5.73,8.79,7.52,0.94,0.18,0.73,-0.08,0.45
Sharjah,6.67,7.06,4.02,7.41,6.29,6.14,7.5,4.56,6.78,6.24,-0.53,0.44,0.54,-0.63,-0.05
Izmir Airport,6.87,6.71,8.44,8.22,7.56,7.05,5.53,9.08,8.89,7.64,0.18,-1.18,0.64,0.67,0.08
Kaohsiung,6.06,0.04,7.54,0.72,3.59,5.9,0.51,7.65,1.23,3.82,-0.16,0.47,0.11,0.51,0.23
Singapore - Changi,7.44,10.0,5.87,1.67,4.99,7.43,10.0,5.24,1.93,6.15,-0.01,0.0,-0.63,0.26,1.16
Gdansk,5.88,9.5,6.25,9.98,7.9,4.85,10.0,6.28,10.0,7.78,-1.03,0.5,0.03,0.02,-0.12
Krakow Balice,6.04,9.78,6.13,9.95,7.98,5.81,10.0,7.11,10.0,8.23,-0.23,0.22,0.98,0.05,0.25
Riga,6.0,10.0,4.44,5.93,5.46,5.89,9.48,4.22,6.4,6.5,-0.11,-0.52,-0.22,0.47,1.04
Roland Garros,4.81,7.63,8.49,7.5,7.11,4.53,7.3,8.26,7.57,6.92,-0.28,-0.33,-0.23,0.07,-0.19
Dublin,5.0,5.71,7.07,4.18,5.49,5.13,5.83,7.57,4.2,5.68,0.13,0.12,0.5,0.02,0.19
Agadir,7.05,7.14,9.73,7.95,7.97,6.61,7.4,9.39,8.39,7.95,-0.44,0.26,-0.34,0.44,-0.02
Indira Gandhi,6.11,10.0,2.13,9.6,5.95,6.22,9.87,2.75,9.48,7.08,0.11,-0.13,0.62,-0.12,1.13
Paris Orly,6.9,8.25,8.61,9.72,8.37,7.07,7.72,8.83,10.0,8.4,0.17,-0.53,0.22,0.28,0.03
Madrid Barajas,7.33,3.75,7.47,6.52,6.27,7.34,3.39,7.83,6.1,6.17,0.01,-0.36,0.36,-0.42,-0.1
Monastir,5.8,10.0,4.66,9.32,6.59,5.21,10.0,4.21,9.11,7.13,-0.59,0.0,-0.45,-0.21,0.54
London Heathrow,8.1,5.75,5.58,8.28,6.93,8.22,5.96,5.49,8.44,7.03,0.12,0.21,-0.09,0.16,0.1
Warsaw,6.25,9.4,5.94,9.57,7.79,6.26,9.02,5.68,9.2,7.54,0.01,-0.38,-0.26,-0.37,-0.25
Punta Cana - Higuey,6.67,6.64,7.77,9.21,7.57,7.07,6.16,7.23,9.19,7.41,0.4,-0.48,-0.54,-0.02,-0.16
Fukuoka,5.87,3.91,6.45,4.88,5.28,5.68,3.55,5.89,5.15,5.07,-0.19,-0.36,-0.56,0.27,-0.21
London Gatwick,5.56,5.2,6.8,6.56,6.03,5.63,4.67,6.94,6.54,5.94,0.07,-0.53,0.14,-0.02,-0.09
Port Louis,6.67,10.0,9.03,9.27,8.32,7.14,9.85,8.9,9.85,8.94,0.47,-0.15,-0.13,0.58,0.62
Geneva,6.48,8.54,7.88,9.39,8.07,6.57,7.45,7.23,8.96,7.55,0.09,-1.09,-0.65,-0.43,-0.52
Sofia,7.5,1.76,1.06,9.26,4.89,7.35,1.83,0.97,9.53,4.92,-0.15,0.07,-0.09,0.27,0.03
Fuerteventura,6.33,6.73,8.17,7.82,7.26,6.33,6.43,7.69,8.75,7.3,0.0,-0.3,-0.48,0.93,0.04
Fes,6.82,7.79,9.51,8.46,8.14,6.79,7.66,9.36,8.87,8.17,-0.03,-0.13,-0.15,0.41,0.03
Shanghai Hongqiao,6.67,1.72,1.25,2.05,2.92,6.32,0.9,1.27,1.69,2.54,-0.35,-0.82,0.02,-0.36,-0.38
Baghdad,5.49,10.0,1.02,1.19,2.57,5.66,9.98,0.72,1.5,4.46,0.17,-0.02,-0.3,0.31,1.89
Chubu,5.9,3.56,8.34,5.72,5.88,6.06,3.63,8.68,5.88,6.06,0.16,0.07,0.34,0.16,0.18
Macau,6.67,1.49,4.63,2.46,3.81,7.14,1.83,3.84,2.16,3.74,0.47,0.34,-0.79,-0.3,-0.07
DAMMAM,6.89,8.6,6.96,0.0,5.61,6.9,8.5,7.05,0.74,5.8,0.01,-0.1,0.09,0.74,0.19
Frankfurt,6.67,10.0,7.38,10.0,7.02,6.7,9.65,6.58,9.42,8.09,0.03,-0.35,-0.8,-0.58,1.07
Jerba,6.27,7.87,6.37,8.53,7.26,6.13,7.89,6.21,7.93,7.04,-0.14,0.02,-0.16,-0.6,-0.22
Ibiza,6.67,4.93,7.5,9.28,7.1,6.58,4.76,6.6,9.36,6.82,-0.09,-0.17,-0.9,0.08,-0.28
Seoul,3.16,0.0,4.79,0.74,2.17,2.92,0.04,4.76,1.22,2.24,-0.24,0.04,-0.03,0.48,0.07
Oslo,6.67,10.0,5.18,9.59,7.15,6.51,10.0,4.39,8.68,7.4,-0.16,0.0,-0.79,-0.91,0.25
Amsterdam - Schiphol,5.71,10.0,8.35,9.67,7.91,6.41,9.71,8.31,9.92,8.59,0.7,-0.29,-0.04,0.25,0.68
Basel,5.78,8.85,9.61,9.35,8.4,5.28,8.77,9.26,9.21,8.13,-0.5,-0.08,-0.35,-0.14,-0.27
Tangier,7.54,7.65,9.88,8.47,8.38,8.12,7.93,9.94,8.42,8.6,0.58,0.28,0.06,-0.05,0.22
Rabat,7.47,7.33,9.81,8.16,8.19,7.59,7.23,10.0,8.22,8.26,0.12,-0.1,0.19,0.06,0.07
Yerevan,3.33,3.89,1.8,9.26,4.57,2.42,3.38,1.53,9.92,4.31,-0.91,-0.51,-0.27,0.66,-0.26
Katowice,6.0,10.0,5.89,9.97,7.29,6.36,10.0,5.44,10.0,7.95,0.36,0.0,-0.45,0.03,0.66
Ngurah Rai,9.05,3.83,5.11,5.53,5.88,8.94,3.82,4.71,6.0,5.87,-0.11,-0.01,-0.4,0.47,-0.01
Gibraltar,5.83,10.0,7.36,9.86,7.68,6.33,10.0,7.52,10.0,8.46,0.5,0.0,0.16,0.14,0.78
Hangzhou Xiaoshan,5.38,1.81,1.92,2.32,2.86,4.36,2.18,1.48,1.54,2.39,-1.02,0.37,-0.44,-0.78,-0.47
Athens,6.51,6.6,4.26,9.35,6.68,7.07,6.89,3.42,9.29,6.67,0.56,0.29,-0.84,-0.06,-0.01
Rome Fiumicino,6.88,7.91,7.49,9.38,7.92,6.82,7.34,7.4,9.56,7.78,-0.06,-0.57,-0.09,0.18,-0.14
Marsa Aalam,7.27,10.0,0.0,0.0,2.42,6.86,9.76,0.63,0.5,4.44,-0.41,-0.24,0.63,0.5,2.02
Colombo,6.13,5.21,0.0,0.0,2.84,6.32,5.64,0.55,0.0,3.13,0.19,0.43,0.55,0.0,0.29
Wroclaw,6.0,10.0,6.06,9.96,7.34,6.26,10.0,5.14,10.0,7.85,0.26,0.0,-0.92,0.04,0.51
PRISTINA,6.67,10.0,1.96,9.8,6.14,6.27,10.0,2.69,9.84,7.2,-0.4,0.0,0.73,0.04,1.06
London Stansted,7.78,5.75,7.34,6.43,6.82,7.19,6.05,8.04,6.42,6.93,-0.59,0.3,0.7,-0.01,0.11
Mexico City,7.17,6.96,5.36,8.85,7.08,6.8,6.57,6.09,8.53,7.0,-0.37,-0.39,0.73,-0.32,-0.08
Johannesburg,5.76,6.62,5.69,8.68,6.69,6.15,6.66,6.21,9.53,7.14,0.39,0.04,0.52,0.85,0.45
Chattrapati Shivaji,5.79,10.0,1.67,9.6,5.69,5.97,10.0,0.88,9.31,6.54,0.18,0.0,-0.79,-0.29,0.85
Bodrum Airport,6.02,5.71,8.54,7.08,6.84,5.77,5.97,9.06,7.57,7.09,-0.25,0.26,0.52,0.49,0.25
Skopje,6.46,10.0,8.26,8.74,7.82,6.61,10.0,8.64,9.49,8.68,0.15,0.0,0.38,0.75,0.86
Faro Airport,5.0,7.08,6.0,8.07,6.54,4.92,6.56,6.21,7.86,6.39,-0.08,-0.52,0.21,-0.21,-0.15
Hanoi,6.0,0.01,7.08,2.5,3.9,5.39,0.38,6.29,2.94,3.75,-0.61,0.37,-0.79,0.44,-0.15
Milan - Malpensa,6.67,6.47,7.15,8.5,7.2,6.54,6.4,7.9,8.15,7.25,-0.13,-0.07,0.75,-0.35,0.05
Kaunas,8.33,10.0,7.5,9.81,8.55,8.02,10.0,8.37,9.9,9.07,-0.31,0.0,0.87,0.09,0.52
Birmingham,6.67,5.32,6.22,6.62,6.21,7.32,5.16,5.71,6.32,6.13,0.65,-0.16,-0.51,-0.3,-0.08
Salalah,4.95,10.0,4.78,8.61,6.11,4.97,9.66,4.78,8.83,7.06,0.02,-0.34,0.0,0.22,0.95
Vilnius,7.5,10.0,7.26,0.0,4.92,7.27,9.29,7.91,0.0,6.12,-0.23,-0.71,0.65,0.0,1.2
Xiamen Gaoqi,6.36,3.09,3.36,3.76,4.14,6.4,3.2,3.78,3.9,4.32,0.04,0.11,0.42,0.14,0.18
Buenos Aires - Ezeiza,5.76,8.93,8.37,9.13,8.05,5.72,8.88,8.26,9.57,8.11,-0.04,-0.05,-0.11,0.44,0.06
Daegu,4.63,0.02,1.02,0.31,1.5,4.22,0.0,1.66,0.51,1.6,-0.41,-0.02,0.64,0.2,0.1
Oujda,7.14,7.53,9.44,8.38,8.12,8.12,7.26,8.64,9.06,8.27,0.98,-0.27,-0.8,0.68,0.15
Male,5.61,10.0,7.89,8.8,7.43,5.18,10.0,7.87,8.64,7.92,-0.43,0.0,-0.02,-0.16,0.49
Lisbon,6.67,7.08,8.51,9.52,7.94,5.52,7.56,8.8,8.4,7.57,-1.15,0.48,0.29,-1.12,-0.37
Warsaw-Modlin,5.48,0.78,6.11,9.67,5.51,5.73,0.94,6.05,10.0,5.68,0.25,0.16,-0.06,0.33,0.17
Sao Paulo - Guarulhos,7.27,7.7,8.0,9.27,8.06,6.84,7.58,7.08,8.22,7.43,-0.43,-0.12,-0.92,-1.05,-0.63
Santiago Arturo Merino Benitez,6.67,7.6,3.48,7.95,6.42,7.23,7.84,3.48,7.46,6.5,0.56,0.24,0.0,-0.49,0.08
Valencia,6.0,6.77,8.19,8.14,7.28,6.6,6.14,8.32,8.91,7.49,0.6,-0.63,0.13,0.77,0.21
Tuzla,6.67,10.0,0.0,0.0,2.22,5.69,9.53,0.0,0.36,3.89,-0.98,-0.47,0.0,0.36,1.67
Ankara Airport,6.61,6.77,4.99,8.33,6.67,7.36,6.53,4.99,8.56,6.86,0.75,-0.24,0.0,0.23,0.19
Bogota,6.29,6.46,8.77,8.48,7.5,5.96,6.36,9.06,8.41,7.45,-0.33,-0.1,0.29,-0.07,-0.05
Montego Bay,6.49,7.88,5.37,9.03,7.19,6.42,8.38,5.71,9.21,7.43,-0.07,0.5,0.34,0.18,0.24
Ras El Khaymah,5.94,10.0,7.05,8.71,7.23,7.03,10.0,7.4,9.31,8.44,1.09,0.0,0.35,0.6,1.21
Kunming Wujiaba,6.67,2.39,5.47,2.73,4.32,5.71,2.25,6.19,1.9,4.01,-0.96,-0.14,0.72,-0.83,-0.31
Glasgow,6.67,5.3,6.49,6.44,6.22,7.0,5.46,6.92,6.63,6.5,0.33,0.16,0.43,0.19,0.28
Lima,6.67,8.42,5.43,9.42,7.48,6.84,8.92,6.42,9.16,7.84,0.17,0.5,0.99,-0.26,0.36
Newcastle,6.67,4.78,7.19,6.44,6.27,5.82,4.54,7.85,6.02,6.06,-0.85,-0.24,0.66,-0.42,-0.21
Poznan-Lawica,6.0,10.0,6.02,9.97,7.33,5.98,9.07,6.61,9.67,7.83,-0.02,-0.93,0.59,-0.3,0.5
Edinburgh,5.56,5.15,7.6,6.63,6.24,5.67,5.64,7.43,6.88,6.4,0.11,0.49,-0.17,0.25,0.16
Brussels,6.67,9.11,9.55,9.74,8.77,6.43,9.12,9.68,10.0,8.81,-0.24,0.01,0.13,0.26,0.04
Copenhagen,6.67,10.0,7.76,7.66,7.36,7.28,10.0,7.66,7.79,8.18,0.61,0.0,-0.1,0.13,0.82
Pointe-a-Pitre,7.44,9.98,9.08,9.7,9.05,6.78,9.98,8.84,8.85,8.61,-0.66,0.0,-0.24,-0.85,-0.44
Danang,6.67,0.0,3.61,2.36,3.16,7.12,0.33,3.67,3.05,3.54,0.45,0.33,0.06,0.69,0.38
Rhodes,6.33,6.97,3.7,8.54,6.38,6.29,7.42,3.73,8.83,6.57,-0.04,0.45,0.03,0.29,0.19
Liverpool,5.56,5.39,6.77,6.41,6.03,6.12,5.74,6.65,5.54,6.01,0.56,0.35,-0.12,-0.87,-0.02
Sharm El Sheikh,6.96,10.0,6.7,8.32,7.33,7.21,10.0,6.96,7.98,8.04,0.25,0.0,0.26,-0.34,0.71
Fort-de-France,6.67,9.65,9.34,9.7,8.84,6.49,9.28,8.89,10.0,8.66,-0.18,-0.37,-0.45,0.3,-0.18
Prague,5.0,9.25,6.06,9.36,7.42,5.85,8.62,6.43,8.98,7.47,0.85,-0.63,0.37,-0.38,0.05
Munich,6.94,6.74,6.87,9.37,7.48,6.49,6.48,7.36,10.0,7.58,-0.45,-0.26,0.49,0.63,0.1
Espargos,6.39,2.41,9.15,7.19,6.29,6.36,2.61,10.0,6.74,6.43,-0.03,0.2,0.85,-0.45,0.14
Jomo Kenyatta,5.71,7.18,5.98,9.13,7.0,6.3,6.82,5.41,9.12,6.91,0.59,-0.36,-0.57,-0.01,-0.09
London Luton,6.0,4.62,6.44,4.19,5.31,5.59,4.5,6.53,4.53,5.29,-0.41,-0.12,0.09,0.34,-0.02
Pamandzi,6.67,10.0,9.93,9.09,8.56,6.58,9.17,9.93,9.28,8.74,-0.09,-0.83,0.0,0.19,0.18
Porto,7.78,7.51,9.39,8.32,8.25,7.36,7.21,10.0,8.7,8.32,-0.42,-0.3,0.61,0.38,0.07
Erbil International Airport,5.83,10.0,2.88,0.33,3.01,6.04,10.0,2.71,0.0,4.69,0.21,0.0,-0.17,-0.33,1.68
Rzeszow,6.0,10.0,5.95,9.97,7.31,6.62,10.0,6.54,9.3,8.12,0.62,0.0,0.59,-0.67,0.81
Bristol,5.56,5.41,6.89,6.39,6.06,5.3,6.61,6.71,7.12,6.44,-0.26,1.2,-0.18,0.73,0.38
Leopold Sedar Senghar,7.41,8.42,7.68,8.74,8.06,7.19,9.07,8.38,8.17,8.2,-0.22,0.65,0.7,-0.57,0.14
Enfidha,5.3,10.0,5.33,9.08,6.57,5.46,9.78,4.86,9.03,7.28,0.16,-0.22,-0.47,-0.05,0.71
Chengdu Tianfu,5.15,1.94,0.0,0.0,1.77,4.75,1.95,0.29,0.07,1.76,-0.4,0.01,0.29,0.07,-0.01
Sevilla,5.56,3.46,8.31,2.47,4.95,4.16,3.49,8.3,2.3,4.56,-1.4,0.03,-0.01,-0.17,-0.39
Tbilisi,6.15,10.0,8.8,8.69,7.88,5.86,10.0,8.59,8.71,8.29,-0.29,0.0,-0.21,0.02,0.41
Baku,5.76,10.0,7.41,9.28,7.48,5.85,9.75,8.53,9.15,8.32,0.09,-0.25,1.12,-0.13,0.84
Vienna,5.83,10.0,7.02,6.82,6.56,5.12,9.76,7.49,6.95,7.33,-0.71,-0.24,0.47,0.13,0.77
Mahon Airport,6.33,6.06,7.84,8.67,7.22,6.2,6.22,8.3,8.66,7.34,-0.13,0.16,0.46,-0.01,0.12
Ho Chi Minh,5.67,0.49,7.93,2.57,4.16,5.02,0.62,7.45,2.62,3.93,-0.65,0.13,-0.48,0.05,-0.23
Soekarno Hatta,7.92,5.71,1.26,7.21,5.52,8.43,5.42,2.21,7.49,5.89,0.51,-0.29,0.95,0.28,0.37
Xian Xianyang,5.9,1.8,3.86,2.12,3.42,5.79,1.61,3.6,2.08,3.27,-0.11,-0.19,-0.26,-0.04,-0.15
Chitose,6.67,10.0,5.78,5.66,6.04,6.45,9.69,5.57,6.26,6.99,-0.22,-0.31,-0.21,0.6,0.95
Santo Domingo Las Americas,7.26,7.05,8.15,7.88,7.58,6.79,7.24,7.94,7.22,7.3,-0.47,0.19,-0.21,-0.66,-0.28
Curacao,6.05,10.0,6.6,9.36,7.34,5.49,10.0,5.95,9.23,7.67,-0.56,0.0,-0.65,-0.13,0.33
Qingdao Liuting,5.15,2.58,5.16,3.11,4.0,5.23,2.82,5.33,3.02,4.1,0.08,0.24,0.17,-0.09,0.1
Rio de Janeiro,7.42,8.12,7.87,9.13,8.14,8.43,8.24,7.32,8.98,8.24,1.01,0.12,-0.55,-0.15,0.1
Basrah,5.24,10.0,0.25,2.48,2.66,4.74,10.0,0.0,2.4,4.28,-0.5,0.0,-0.25,-0.08,1.62
Lyon Saint Exupery,6.9,6.78,9.11,9.15,7.98,6.18,6.66,9.38,8.28,7.62,-0.72,-0.12,0.27,-0.87,-0.36
Berlin Brandenburg,6.22,10.0,5.78,8.48,6.83,5.3,9.2,6.52,7.62,7.16,-0.92,-0.8,0.74,-0.86,0.33
Stockholm Arlanda,7.78,4.44,5.24,9.7,6.79,8.12,4.32,5.37,10.0,6.95,0.34,-0.12,0.13,0.3,0.16
Phnom Penh,6.67,1.62,4.48,2.75,3.88,7.36,1.91,4.56,2.71,4.14,0.69,0.29,0.08,-0.04,0.26
Corfu,5.88,6.28,3.39,8.58,6.03,6.08,7.14,4.14,9.86,6.8,0.2,0.86,0.75,1.28,0.77
Heraklion Airport,4.91,7.23,3.47,8.62,6.06,5.1,6.83,3.85,8.4,6.04,0.19,-0.4,0.38,-0.22,-0.02
Marseille,7.44,4.83,8.61,9.83,7.68,8.06,3.94,8.06,9.34,7.35,0.62,-0.89,-0.55,-0.49,-0.33
Duesseldorf,6.11,10.0,8.52,8.43,7.69,5.6,9.71,8.44,8.55,8.07,-0.51,-0.29,-0.08,0.12,0.38
Jersey,6.67,1.07,5.08,3.22,4.01,6.4,0.46,4.81,2.56,3.56,-0.27,-0.61,-0.27,-0.66,-0.45
Leeds Bradford,6.67,2.06,6.22,4.4,4.84,7.11,2.08,6.16,4.27,4.9,0.44,0.02,-0.06,-0.13,0.06
Shannon,5.83,10.0,7.29,10.0,6.56,5.5,10.0,7.02,10.0,8.13,-0.33,0.0,-0.27,0.0,1.57
Oranjestad,7.06,7.26,8.85,9.64,8.2,7.52,7.67,9.6,9.69,8.62,0.46,0.41,0.75,0.05,0.42
Cape Town,5.0,6.2,6.11,8.51,6.46,4.81,5.73,7.11,7.75,6.35,-0.19,-0.47,1.0,-0.76,-0.11
Panama Tocumen,5.28,7.54,7.92,8.98,7.43,5.39,7.96,8.77,8.27,7.6,0.11,0.42,0.85,-0.71,0.17
Stavanger,6.83,10.0,5.92,9.58,7.44,7.52,9.91,5.48,8.96,7.97,0.69,-0.09,-0.44,-0.62,0.53
Sandefjord-Torp,6.46,10.0,6.37,8.59,7.14,5.87,9.16,7.0,8.71,7.68,-0.59,-0.84,0.63,0.12,0.54
Urumchi Diwobao,6.3,2.8,9.2,3.39,5.42,7.24,3.51,9.78,2.81,5.84,0.94,0.71,0.58,-0.58,0.42
Cheongju,6.47,0.35,2.89,0.0,2.43,5.73,0.0,3.49,0.84,2.52,-0.74,-0.35,0.6,0.84,0.09
Bydgoszcz,5.33,10.0,6.52,9.97,7.27,5.57,10.0,5.53,9.56,7.67,0.24,0.0,-0.99,-0.41,0.4
Nice,7.62,3.9,6.01,9.4,6.73,9.02,4.11,6.18,9.71,7.26,1.4,0.21,0.17,0.31,0.53
Taichung,6.67,0.04,7.56,0.7,3.74,7.16,0.0,7.63,0.0,3.7,0.49,-0.04,0.07,-0.7,-0.04
East Midlands,4.44,5.14,6.55,6.63,5.69,3.92,5.14,6.66,6.54,5.56,-0.52,0.0,0.11,-0.09,-0.13
Hyderabad,6.5,10.0,2.06,9.16,5.91,6.76,9.72,1.84,9.09,6.85,0.26,-0.28,-0.22,-0.07,0.94
Shenyang Taoxian,6.36,2.09,6.51,2.57,4.38,5.66,1.44,5.99,2.64,3.93,-0.7,-0.65,-0.52,0.07,-0.45
Naples,5.62,8.42,8.04,9.38,7.86,4.76,8.5,8.5,9.08,7.71,-0.86,0.08,0.46,-0.3,-0.15
Gerona,6.0,3.76,8.55,3.16,5.37,6.15,4.14,9.04,3.77,5.78,0.15,0.38,0.49,0.61,0.41
Vientiane,6.67,0.32,4.23,0.99,3.05,6.75,0.95,3.09,0.81,2.9,0.08,0.63,-1.14,-0.18,-0.15
Bourgas,6.67,1.76,0.88,8.73,4.51,6.8,1.77,1.07,8.46,4.53,0.13,0.01,0.19,-0.27,0.02
Togo,5.83,10.0,4.25,8.18,6.09,5.36,10.0,4.05,8.53,6.98,-0.47,0.0,-0.2,0.35,0.89
Cam Ranh,6.67,0.17,1.91,2.43,2.8,7.24,0.02,1.3,3.04,2.9,0.57,-0.15,-0.61,0.61,0.1
Puerto Vallarta,6.94,7.3,2.79,8.02,6.26,7.44,7.3,2.67,8.49,6.48,0.5,0.0,-0.12,0.47,0.22
Reus,6.67,1.13,8.23,3.29,4.83,6.2,0.0,9.11,2.86,4.54,-0.47,-1.13,0.88,-0.43,-0.29
Bangalore,5.62,6.52,1.75,9.51,5.85,5.3,6.63,1.05,10.0,5.74,-0.32,0.11,-0.7,0.49,-0.11
Zakynthos,6.67,5.67,3.62,8.24,6.05,6.34,6.17,3.58,8.98,6.27,-0.33,0.5,-0.04,0.74,0.22
Venice,6.25,8.19,7.5,9.39,7.83,6.97,9.17,7.53,8.94,8.15,0.72,0.98,0.03,-0.45,0.32
Hamburg,5.9,10.0,6.49,9.48,7.29,5.43,9.56,6.85,9.03,7.72,-0.47,-0.44,0.36,-0.45,0.43
Thessaloniki,5.29,6.17,4.49,8.4,6.09,5.15,6.82,3.72,8.11,5.95,-0.14,0.65,-0.77,-0.29,-0.14
Nador,7.56,7.57,9.18,7.72,8.01,7.19,6.97,9.43,7.54,7.78,-0.37,-0.6,0.25,-0.18,-0.23
Kos,7.14,6.21,3.48,8.19,6.25,6.76,6.59,3.02,8.15,6.13,-0.38,0.38,-0.46,-0.04,-0.12
Los Cabos,6.94,7.21,2.96,9.24,6.59,6.76,7.17,2.68,9.12,6.43,-0.18,-0.04,-0.28,-0.12,-0.16
Lublin,7.5,2.5,0.0,0.0,2.5,7.07,3.15,0.2,0.0,2.6,-0.43,0.65,0.2,0.0,0.1
Murcia,7.14,0.15,0.0,0.0,1.82,8.0,0.19,0.18,0.61,2.24,0.86,0.04,0.18,0.61,0.42
Medina,5.56,8.44,6.21,0.0,5.05,6.15,7.71,6.66,0.02,5.14,0.59,-0.73,0.45,0.02,0.09
Cork,5.0,5.71,7.04,4.63,5.6,4.17,6.06,7.67,4.5,5.6,-0.83,0.35,0.63,-0.13,0.0
Chongqing Jiangbei,5.83,0.46,1.27,0.7,2.06,5.3,0.69,1.22,1.36,2.14,-0.53,0.23,-0.05,0.66,0.08
San Salvador Comalapa,5.73,6.5,3.17,8.26,5.92,6.07,7.22,2.99,7.99,6.07,0.34,0.72,-0.18,-0.27,0.15
Rabil,6.67,2.28,7.79,7.26,6.0,7.84,1.7,8.31,7.54,6.35,1.17,-0.58,0.52,0.28,0.35
Sarajevo,5.93,10.0,6.41,9.3,7.21,5.84,9.54,6.94,9.82,8.04,-0.09,-0.46,0.53,0.52,0.83
Shenzhen Bao'an,6.41,0.15,0.85,0.36,1.94,6.48,0.6,0.66,0.74,2.12,0.07,0.45,-0.19,0.38,0.18
Abidjan,8.89,7.55,8.69,8.68,8.45,8.54,7.16,9.4,8.2,8.32,-0.35,-0.39,0.71,-0.48,-0.13
Zia,5.33,10.0,0.52,7.62,4.49,5.16,10.0,1.03,7.35,5.88,-0.17,0.0,0.51,-0.27,1.39
Bergen,6.3,10.0,5.2,9.04,6.85,6.16,10.0,4.36,8.36,7.22,-0.14,0.0,-0.84,-0.68,0.37
Bergamo,6.32,8.21,7.94,9.46,7.98,5.86,8.14,7.33,10.0,7.83,-0.46,-0.07,-0.61,0.54,-0.15
Guayaquil,7.5,7.87,7.69,8.61,7.92,7.14,8.18,7.77,8.13,7.8,-0.36,0.31,0.08,-0.48,-0.12
Alexandria,7.39,10.0,0.0,0.0,2.46,7.14,9.56,0.0,0.08,4.19,-0.25,-0.44,0.0,0.08,1.73
Nis,5.0,7.73,0.0,0.0,3.18,5.42,7.2,0.61,0.0,3.31,0.42,-0.53,0.61,0.0,0.13
Szczecin,5.83,9.67,6.12,9.93,7.89,6.08,10.0,5.76,9.46,7.82,0.25,0.33,-0.36,-0.47,-0.07
Guadalajara,7.31,8.13,3.48,9.18,7.02,8.14,7.9,4.22,9.28,7.38,0.83,-0.23,0.74,0.1,0.36
Billund,6.67,10.0,8.02,1.49,5.39,7.17,9.91,8.25,0.91,6.56,0.5,-0.09,0.23,-0.58,1.17
Wuhan Tianhe,5.71,1.74,1.91,2.23,2.9,5.31,1.96,2.28,2.27,2.95,-0.4,0.22,0.37,0.04,0.05
Guernsey,5.0,0.0,5.57,0.2,2.69,6.09,0.69,5.1,0.0,2.97,1.09,0.69,-0.47,-0.2,0.28
Quito,6.79,3.88,8.51,5.64,6.2,7.08,3.61,8.4,6.09,6.3,0.29,-0.27,-0.11,0.45,0.1
Tashkent,5.33,10.0,1.75,7.82,4.97,5.67,10.0,1.23,8.48,6.34,0.34,0.0,-0.52,0.66,1.37
Santiago Cibao,6.67,6.11,7.53,6.75,6.76,5.63,6.71,7.29,6.29,6.48,-1.04,0.6,-0.24,-0.46,-0.28
Bridgetown,5.5,10.0,7.49,6.75,6.58,5.66,10.0,7.06,6.58,7.32,0.16,0.0,-0.43,-0.17,0.74
Zanzibar,7.5,10.0,9.91,8.39,8.6,8.15,9.91,9.08,8.5,8.91,0.65,-0.09,-0.83,0.11,0.31
Kutaisi,6.19,10.0,8.81,7.22,7.41,7.06,9.81,8.94,7.21,8.26,0.87,-0.19,0.13,-0.01,0.85
Toulouse,7.58,6.26,8.46,9.08,7.85,6.78,5.87,8.66,9.3,7.65,-0.8,-0.39,0.2,0.22,-0.2
Essaouira,7.33,7.96,0.0,0.0,3.82,7.39,8.13,0.0,0.0,3.88,0.06,0.17,0.0,0.0,0.06
Guatemala City,6.06,4.39,1.48,6.14,4.52,5.83,4.53,1.76,5.65,4.44,-0.23,0.14,0.28,-0.49,-0.08
Batumi,5.24,10.0,0.0,0.0,1.75,4.89,9.95,0.39,0.19,3.86,-0.35,-0.05,0.39,0.19,2.11
Bamako,7.5,10.0,5.64,7.5,6.88,7.21,10.0,5.37,8.49,7.77,-0.29,0.0,-0.27,0.99,0.89
Kayseri Airport,6.26,6.0,4.58,7.8,6.16,6.22,5.94,4.27,8.01,6.11,-0.04,-0.06,-0.31,0.21,-0.05
Yanji Zhaoyangchuan,9.05,3.21,7.2,3.69,5.79,9.42,2.78,7.03,3.94,5.79,0.37,-0.43,-0.17,0.25,0.0
Podgorica,7.78,10.0,4.19,10.0,5.98,6.99,10.0,4.63,10.0,7.9,-0.79,0.0,0.44,0.0,1.92
Cayenne,6.67,9.42,9.75,9.53,8.84,6.74,9.55,9.62,9.13,8.76,0.07,0.13,-0.13,-0.4,-0.08
San Jose,5.83,10.0,7.2,9.4,7.48,6.16,9.65,7.78,9.66,8.31,0.33,-0.35,0.58,0.26,0.83
Ciampino Airport,5.56,8.62,7.94,9.8,7.98,4.75,8.08,8.28,9.79,7.72,-0.81,-0.54,0.34,-0.01,-0.26
Chania,6.67,4.27,3.71,7.7,5.59,6.7,3.87,3.57,7.85,5.5,0.03,-0.4,-0.14,0.15,-0.09
Changsha Huanghua,5.83,1.94,2.61,2.37,3.19,6.41,1.41,2.05,3.32,3.3,0.58,-0.53,-0.56,0.95,0.11
Brno,6.0,10.0,5.92,8.55,6.82,5.81,10.0,5.93,8.05,7.45,-0.19,0.0,0.01,-0.5,0.63
Aswan,8.03,10.0,6.07,8.99,7.7,8.43,9.93,6.61,9.13,8.52,0.4,-0.07,0.54,0.14,0.82
Varna,6.67,1.76,1.13,8.85,4.6,6.64,2.05,0.89,8.78,4.59,-0.03,0.29,-0.24,-0.07,-0.01
Bilbao,7.0,1.95,8.04,9.69,6.67,7.26,2.34,7.83,9.55,6.74,0.26,0.39,-0.21,-0.14,0.07
Trabzon Airport,6.18,6.27,9.33,8.48,7.56,5.63,6.81,9.1,8.1,7.41,-0.55,0.54,-0.23,-0.38,-0.15
Suleymania Airport,5.0,10.0,0.41,3.11,2.84,5.3,10.0,0.0,3.27,4.64,0.3,0.0,-0.41,0.16,1.8
Lodz,6.88,8.0,6.36,10.0,7.08,6.56,7.91,6.61,10.0,7.77,-0.32,-0.09,0.25,0.0,0.69
Alexandoupolis,5.0,4.65,0.0,0.0,2.41,5.53,4.45,0.0,0.92,2.72,0.53,-0.2,0.0,0.92,0.31
Montpellier,6.67,10.0,9.44,8.37,8.16,7.02,10.0,9.45,8.72,8.8,0.35,0.0,0.01,0.35,0.64
Ulaanbaatar,6.67,3.91,1.94,7.9,5.11,7.27,3.23,2.36,7.8,5.16,0.6,-0.68,0.42,-0.1,0.05
Nantes,7.5,4.11,8.22,8.7,7.13,6.62,4.18,7.95,8.44,6.8,-0.88,0.07,-0.27,-0.26,-0.33
Santorini,7.18,5.27,4.42,8.73,6.4,6.79,5.78,4.75,8.1,6.36,-0.39,0.51,0.33,-0.63,-0.04
Entebbe,4.81,10.0,3.16,8.55,5.51,4.69,9.91,3.19,8.46,6.56,-0.12,-0.09,0.03,-0.09,1.05
Paramaribo,5.38,10.0,4.28,4.91,4.86,6.26,9.62,3.78,4.79,6.11,0.88,-0.38,-0.5,-0.12,1.25
Changchun Longjia,7.33,1.05,6.3,1.46,4.04,6.89,0.6,6.31,0.77,3.64,-0.44,-0.45,0.01,-0.69,-0.4
Stuttgart,5.0,6.53,8.41,8.04,7.0,5.26,6.34,8.55,8.41,7.14,0.26,-0.19,0.14,0.37,0.14
Santiago De Compostela,7.33,3.96,9.43,2.75,5.87,7.32,4.39,9.73,2.3,5.94,-0.01,0.43,0.3,-0.45,0.07
Buenos Aires Aeroparque,5.76,10.0,8.03,8.32,7.37,5.55,10.0,8.1,8.15,7.95,-0.21,0.0,0.07,-0.17,0.58
Cochin,5.71,10.0,1.43,8.79,5.31,6.27,9.81,0.85,8.02,6.24,0.56,-0.19,-0.58,-0.77,0.93
Moscow - Vnukovo,6.36,3.51,4.11,5.0,4.74,6.45,3.06,3.77,5.12,4.6,0.09,-0.45,-0.34,0.12,-0.14
Hannover,5.9,10.0,8.61,9.48,8.0,6.7,10.0,8.7,9.05,8.61,0.8,0.0,0.09,-0.43,0.61
Bordeaux,7.22,4.65,6.43,7.06,6.34,7.11,5.83,6.58,7.06,6.64,-0.11,1.18,0.15,0.0,0.3
Accra,6.11,6.75,5.74,8.32,6.73,6.04,7.66,5.14,9.1,6.98,-0.07,0.91,-0.6,0.78,0.25
Verona,6.67,9.41,8.21,9.81,8.52,7.12,9.07,7.77,9.24,8.3,0.45,-0.34,-0.44,-0.57,-0.22
Cali,6.67,2.45,7.47,8.71,6.32,6.37,2.38,7.47,9.23,6.36,-0.3,-0.07,0.0,0.52,0.04
Antalya Gazipasa Airport,6.01,4.58,8.43,6.8,6.46,5.27,3.18,7.94,6.14,5.63,-0.74,-1.4,-0.49,-0.66,-0.83
Changzhou Benniu,7.22,0.78,4.83,1.28,3.53,7.0,0.9,4.98,0.79,3.42,-0.22,0.12,0.15,-0.49,-0.11
Almaty,6.67,0.12,3.33,4.67,3.7,7.13,0.45,3.37,4.56,3.88,0.46,0.33,0.04,-0.11,0.18
Montevideo,3.33,0.0,0.45,5.6,2.34,3.13,0.04,0.0,5.5,2.17,-0.2,0.04,-0.45,-0.1,-0.17
Kralendijk (Bonaire),5.19,10.0,9.8,8.96,7.98,5.33,9.8,9.63,9.17,8.48,0.14,-0.2,-0.17,0.21,0.5
Trondheim,6.67,10.0,7.47,9.27,7.8,6.38,10.0,7.49,9.58,8.36,-0.29,0.0,0.02,0.31,0.56
Manas,5.0,5.84,3.18,8.0,5.5,3.6,5.51,2.27,8.22,4.9,-1.4,-0.33,-0.91,0.22,-0.6
Sfax,7.29,4.82,4.13,8.55,6.2,5.97,5.08,4.37,9.52,6.24,-1.32,0.26,0.24,0.97,0.04
Ningbo Lishe,5.83,2.57,0.23,3.0,2.91,5.83,2.87,0.0,2.67,2.84,0.0,0.3,-0.23,-0.33,-0.07
Gaziantep Airport,6.44,5.41,4.48,7.98,6.08,6.06,4.75,4.95,7.41,5.79,-0.38,-0.66,0.47,-0.57,-0.29
Nuernberg,8.18,6.13,7.81,7.43,7.39,8.06,4.99,7.32,7.71,7.02,-0.12,-1.14,-0.49,0.28,-0.37
Aberdeen,5.56,5.43,6.74,6.16,5.97,4.97,5.13,6.84,6.77,5.93,-0.59,-0.3,0.1,0.61,-0.04
Olsztyn,4.79,8.18,0.0,0.0,3.24,4.69,7.67,0.26,0.19,3.2,-0.1,-0.51,0.26,0.19,-0.04
Moscow - Sheremetyevo,5.56,10.0,0.72,0.18,2.15,5.77,10.0,1.44,0.26,4.37,0.21,0.0,0.72,0.08,2.22
Johor Bahru,6.0,5.62,4.85,3.6,5.02,5.93,4.55,4.7,4.14,4.83,-0.07,-1.07,-0.15,0.54,-0.19
Naha,6.19,10.0,5.19,2.62,4.67,6.26,9.68,4.67,2.89,5.88,0.07,-0.32,-0.52,0.27,1.21
Puerto Plata,6.67,7.11,4.42,8.32,6.63,7.35,7.66,5.05,8.51,7.14,0.68,0.55,0.63,0.19,0.51
Split,8.33,10.0,6.26,10.0,7.3,8.34,9.84,6.01,10.0,8.55,0.01,-0.16,-0.25,0.0,1.25
Samsun Airport,6.32,5.3,5.29,8.37,6.32,6.54,5.4,4.74,8.33,6.25,0.22,0.1,-0.55,-0.04,-0.07
Manila - Ninoy Aquino,7.5,10.0,8.61,8.41,8.17,7.31,9.29,9.5,8.77,8.72,-0.19,-0.71,0.89,0.36,0.55
Yantai Penglai,7.33,3.43,5.56,3.97,5.07,7.16,3.8,4.83,4.95,5.18,-0.17,0.37,-0.73,0.98,0.11
Almeria,7.5,4.97,8.1,0.78,5.34,7.06,4.9,8.0,1.77,5.43,-0.44,-0.07,-0.1,0.99,0.09
Medellin Jose Maria Cordova,5.6,10.0,7.57,8.93,7.37,5.78,8.94,7.12,8.43,7.57,0.18,-1.06,-0.45,-0.5,0.2
Bologna,6.67,10.0,7.99,10.0,7.33,6.96,9.92,8.23,10.0,8.78,0.29,-0.08,0.24,0.0,1.45
Praia,6.36,3.94,9.64,7.26,6.8,6.68,4.54,9.43,6.35,6.75,0.32,0.6,-0.21,-0.91,-0.05
Piarco,6.14,0.72,2.03,3.05,2.98,5.89,0.49,2.62,3.08,3.02,-0.25,-0.23,0.59,0.03,0.04
La Palma,5.42,5.8,9.02,8.07,7.08,5.92,5.98,8.85,8.23,7.24,0.5,0.18,-0.17,0.16,0.16
Gabon,7.5,9.37,8.07,9.39,8.58,7.39,9.32,7.91,9.26,8.47,-0.11,-0.05,-0.16,-0.13,-0.11
Dar Es Salaam,7.78,6.64,5.58,9.56,7.39,7.4,6.5,5.16,9.51,7.14,-0.38,-0.14,-0.42,-0.05,-0.25
Southampton,3.33,0.5,5.01,1.95,2.7,2.87,1.48,4.36,2.03,2.68,-0.46,0.98,-0.65,0.08,-0.02
Pisa,6.48,6.84,8.64,9.79,7.94,6.12,6.86,8.03,10.0,7.75,-0.36,0.02,-0.61,0.21,-0.19
Mykonos,7.33,4.21,3.67,8.22,5.86,6.73,3.55,3.91,8.18,5.59,-0.6,-0.66,0.24,-0.04,-0.27
Windhoek,6.11,10.0,9.69,8.85,8.22,5.6,9.26,9.38,9.65,8.47,-0.51,-0.74,-0.31,0.8,0.25
Cardiff,4.44,4.02,7.35,6.43,5.56,4.7,3.46,7.71,6.15,5.51,0.26,-0.56,0.36,-0.28,-0.05
Charleroi,7.78,9.11,9.31,9.95,9.04,7.3,9.16,9.62,10.0,9.02,-0.48,0.05,0.31,0.05,-0.02
Penang,5.71,0.44,5.17,1.76,3.27,6.32,0.83,5.74,2.43,3.83,0.61,0.39,0.57,0.67,0.56
Aqaba,6.44,5.46,0.0,0.0,2.98,6.56,5.27,0.06,0.53,3.1,0.12,-0.19,0.06,0.53,0.12
Wenzhou Longwan,6.3,0.24,0.78,0.42,1.94,5.91,0.34,0.06,0.22,1.63,-0.39,0.1,-0.72,-0.2,-0.31
Adana Airport,5.45,7.0,3.74,8.0,6.05,6.04,6.48,4.22,8.58,6.33,0.59,-0.52,0.48,0.58,0.28
Fuzhou Changle,8.67,1.05,3.93,1.52,3.79,8.17,1.41,4.54,2.27,4.1,-0.5,0.36,0.61,0.75,0.31
Luxor,7.25,10.0,6.54,7.52,7.1,7.56,9.59,5.77,7.98,7.72,0.31,-0.41,-0.77,0.46,0.62
Belize City,4.87,10.0,2.33,0.31,2.5,5.88,10.0,2.74,0.0,4.65,1.01,0.0,0.41,-0.31,2.15
Beauvais,6.25,2.94,8.41,6.59,6.05,5.67,2.96,8.72,7.27,6.16,-0.58,0.02,0.31,0.68,0.11
Milan - Linate,6.47,8.61,6.06,9.27,7.6,6.7,8.08,5.95,9.81,7.64,0.23,-0.53,-0.11,0.54,0.04
Skiathos,6.19,5.2,0.0,0.0,2.85,5.97,6.29,0.44,0.0,3.18,-0.22,1.09,0.44,0.0,0.33
Cologne,6.06,7.24,7.98,9.76,7.76,6.01,6.75,7.58,8.91,7.31,-0.05,-0.49,-0.4,-0.85,-0.45
Nanning Wuxu,7.33,0.68,8.88,1.24,4.53,6.96,0.88,8.74,0.59,4.29,-0.37,0.2,-0.14,-0.65,-0.24
Sanya Fenghuang,7.33,5.73,8.45,6.31,6.95,7.03,4.98,8.41,6.69,6.78,-0.3,-0.75,-0.04,0.38,-0.17
Ohrid,5.45,10.0,0.0,0.0,1.82,5.27,9.26,0.0,0.35,3.72,-0.18,-0.74,0.0,0.35,1.9
Managua,6.67,1.34,5.37,7.42,5.2,6.48,1.03,5.43,6.65,4.9,-0.19,-0.31,0.06,-0.77,-0.3
Banjul,7.22,5.16,6.3,8.69,6.84,8.21,6.18,6.42,8.37,7.3,0.99,1.02,0.12,-0.32,0.46
Melbourne,6.36,10.0,8.17,5.45,6.66,5.81,9.96,8.3,5.35,7.36,-0.55,-0.04,0.13,-0.1,0.7
Astana,6.3,8.53,3.31,0.0,4.53,6.01,8.75,3.65,0.0,4.6,-0.29,0.22,0.34,0.0,0.07
Aktio,6.67,2.88,0.0,0.0,2.39,6.61,2.44,0.26,0.36,2.42,-0.06,-0.44,0.26,0.36,0.03
Fortaleza,7.2,7.42,8.69,9.25,8.14,6.51,7.04,9.26,9.77,8.14,-0.69,-0.38,0.57,0.52,0.0
Bandaranaike,5.78,10.0,2.26,7.44,5.16,7.08,10.0,2.66,8.39,7.03,1.3,0.0,0.4,0.95,1.87
London City,6.67,8.38,5.74,7.73,7.13,7.01,8.5,5.31,7.34,7.04,0.34,0.12,-0.43,-0.39,-0.09
Kingston,6.41,10.0,5.07,3.1,4.86,6.95,10.0,4.51,3.44,6.22,0.54,0.0,-0.56,0.34,1.36
Moscow - Domodedovo,5.67,1.43,4.6,4.62,4.08,5.09,2.38,4.5,5.53,4.38,-0.58,0.95,-0.1,0.91,0.3
Siem Reap,7.67,1.51,5.25,3.11,4.38,7.9,1.88,5.29,3.69,4.69,0.23,0.37,0.04,0.58,0.31
Palermo,5.95,3.67,6.63,8.27,6.13,6.1,3.3,6.35,9.13,6.22,0.15,-0.37,-0.28,0.86,0.09
Jerez De La Frontera,5.83,6.23,7.58,7.66,6.82,6.69,6.52,7.95,8.4,7.39,0.86,0.29,0.37,0.74,0.57
Faroe Islands,5.56,10.0,8.67,5.69,6.64,5.43,10.0,8.55,5.61,7.4,-0.13,0.0,-0.12,-0.08,0.76
Ouarzazate,8.48,8.5,0.0,0.0,4.24,7.97,8.66,0.39,0.07,4.27,-0.51,0.16,0.39,0.07,0.03
Astrakhan,6.41,3.66,2.12,5.23,4.36,5.91,3.42,2.58,4.36,4.07,-0.5,-0.24,0.46,-0.87,-0.29
Hefei Xinqiao,5.56,0.22,9.12,0.45,3.84,5.43,0.41,9.18,0.29,3.83,-0.13,0.19,0.06,-0.16,-0.01
Lubumbashi,8.33,10.0,9.65,0.0,5.99,7.93,9.13,9.19,0.1,6.59,-0.4,-0.87,-0.46,0.1,0.6
Tulear,5.0,0.0,0.0,0.0,1.25,4.44,0.0,0.88,0.93,1.56,-0.56,0.0,0.88,0.93,0.31
Helsinki-Vantaa,8.33,10.0,9.06,9.44,8.94,7.78,10.0,9.37,9.16,9.08,-0.55,0.0,0.31,-0.28,0.14
Wuxi Shuofang,5.0,0.78,0.12,1.27,1.79,4.23,1.23,1.18,1.36,2.0,-0.77,0.45,1.06,0.09,0.21
Wellington,7.5,10.0,6.68,2.94,5.71,7.48,9.54,7.2,3.41,6.91,-0.02,-0.46,0.52,0.47,1.2
Zagreb,6.67,10.0,7.12,10.0,6.9,6.4,9.88,6.45,9.78,8.13,-0.27,-0.12,-0.67,-0.22,1.23
Diyarbakir Airport,6.14,4.95,4.9,8.07,6.02,5.9,5.11,5.39,7.3,5.93,-0.24,0.16,0.49,-0.77,-0.09
Jinan Xiaoqiang,5.0,1.26,2.52,1.76,2.64,4.95,0.86,2.33,1.36,2.38,-0.05,-0.4,-0.19,-0.4,-0.26
Salzburg,6.25,10.0,5.86,10.0,6.06,6.64,9.35,7.0,9.95,8.24,0.39,-0.65,1.14,-0.05,2.18
Eindhoven,5.56,10.0,7.17,9.76,7.5,5.8,9.0,6.29,9.91,7.75,0.24,-1.0,-0.88,0.15,0.25
Florence,5.88,8.69,6.34,9.76,7.67,6.61,8.16,6.27,10.0,7.76,0.73,-0.53,-0.07,0.24,0.09
Dubrovnik,10.0,10.0,6.35,10.0,6.35,10.0,9.76,5.92,10.0,8.92,0.0,-0.24,-0.43,0.0,2.57
Zhengzhou Xinzheng,8.0,1.05,3.04,1.35,3.36,7.89,0.4,3.57,1.8,3.42,-0.11,-0.65,0.53,0.45,0.06
Santander,7.33,2.21,7.51,7.28,6.08,8.21,2.23,6.68,6.52,5.91,0.88,0.02,-0.83,-0.76,-0.17
St. Petersburg Pulkovo,4.33,3.7,3.86,7.28,4.79,5.09,2.95,3.31,7.64,4.75,0.76,-0.75,-0.55,0.36,-0.04
Krasnoyarsk,6.67,5.23,2.59,3.9,4.6,7.37,5.01,3.08,3.97,4.86,0.7,-0.22,0.49,0.07,0.26
Conakry,6.3,10.0,8.61,7.5,7.47,6.13,10.0,8.32,7.49,7.98,-0.17,0.0,-0.29,-0.01,0.51
Bournemouth,4.44,4.29,6.59,6.38,5.42,4.9,4.85,7.07,6.86,5.92,0.46,0.56,0.48,0.48,0.5
Lagos,6.67,5.97,6.13,8.77,6.88,6.78,6.67,5.46,8.52,6.86,0.11,0.7,-0.67,-0.25,-0.02
Viracopos,7.2,8.07,9.25,9.6,8.53,7.14,7.57,9.4,9.9,8.5,-0.06,-0.5,0.15,0.3,-0.03
Kota Kinabalu,3.81,3.22,4.24,1.94,3.3,4.18,3.75,3.88,2.33,3.53,0.37,0.53,-0.36,0.39,0.23
Nouakchott,6.67,7.76,6.13,8.51,7.27,6.51,8.29,5.87,8.3,7.24,-0.16,0.53,-0.26,-0.21,-0.03
Monterrey,6.55,8.08,1.53,9.33,6.37,5.68,8.43,2.26,8.92,6.32,-0.87,0.35,0.73,-0.41,-0.05
La Romana,7.02,4.7,7.3,5.86,6.22,6.71,5.26,7.41,5.74,6.28,-0.31,0.56,0.11,-0.12,0.06
Dresden,6.0,4.28,6.54,9.0,6.46,6.66,4.63,5.82,8.91,6.5,0.66,0.35,-0.72,-0.09,0.04
Bremen,6.11,2.06,7.39,6.38,5.48,6.41,1.88,7.08,6.32,5.42,0.3,-0.18,-0.31,-0.06,-0.06
Torino,6.67,10.0,7.42,10.0,7.04,6.31,10.0,6.85,10.0,8.29,-0.36,0.0,-0.57,0.0,1.25
Niamey,5.93,10.0,3.64,9.08,6.22,6.52,10.0,3.3,9.6,7.36,0.59,0.0,-0.34,0.52,1.14
Bari,6.67,10.0,7.82,10.0,7.24,6.48,9.88,7.13,10.0,8.37,-0.19,-0.12,-0.69,0.0,1.13
Perth,5.26,6.03,6.67,7.37,6.33,4.69,6.15,6.62,6.72,6.04,-0.57,0.12,-0.05,-0.65,-0.29
Cozumel,7.59,7.05,2.08,8.79,6.38,7.22,6.61,1.68,9.14,6.16,-0.37,-0.44,-0.4,0.35,-0.22
Djibouti,6.0,0.0,0.0,0.0,1.5,6.1,0.0,0.0,0.4,1.62,0.1,0.0,0.0,0.4,0.12
Port-au-Prince (Haiti),6.0,10.0,4.65,8.34,6.33,6.39,9.67,4.35,7.4,6.95,0.39,-0.33,-0.3,-0.94,0.62
Sochi,5.56,2.83,2.87,5.49,4.19,5.27,3.91,2.31,6.0,4.37,-0.29,1.08,-0.56,0.51,0.18
Durban,4.17,6.1,4.08,9.07,5.86,4.04,7.05,4.8,8.68,6.14,-0.13,0.95,0.72,-0.39,0.28
Yangon,7.08,0.62,6.71,1.29,3.92,6.82,0.82,6.47,1.11,3.8,-0.26,0.2,-0.24,-0.18,-0.12
Sendai,5.93,10.0,6.22,0.24,4.13,6.28,9.99,6.56,0.61,5.86,0.35,-0.01,0.34,0.37,1.73
Madeira,6.11,6.18,6.69,8.3,6.82,6.19,6.67,6.33,8.46,6.91,0.08,0.49,-0.36,0.16,0.09
Asturias,7.22,5.81,8.45,9.91,7.85,7.1,6.08,8.07,9.59,7.71,-0.12,0.27,-0.38,-0.32,-0.14
Volgograd,6.67,7.49,2.97,9.38,6.63,7.0,8.32,2.67,8.97,6.74,0.33,0.83,-0.3,-0.41,0.11
Mendoza,5.83,10.0,5.67,9.3,6.93,5.73,9.72,4.54,8.91,7.22,-0.1,-0.28,-1.13,-0.39,0.29
Lille,7.14,1.75,9.15,8.12,6.54,7.03,1.69,8.88,7.59,6.3,-0.11,-0.06,-0.27,-0.53,-0.24
Salvador,6.8,8.22,7.02,9.17,7.8,6.0,8.24,7.04,9.21,7.62,-0.8,0.02,0.02,0.04,-0.18
Takamatsu,6.0,10.0,6.63,1.81,4.81,6.63,9.57,6.6,2.18,6.24,0.63,-0.43,-0.03,0.37,1.43
Cordoba,5.71,10.0,8.17,9.76,7.88,5.43,10.0,8.45,9.53,8.35,-0.28,0.0,0.28,-0.23,0.47
Exeter,6.67,4.82,7.16,6.65,6.32,7.11,4.54,7.2,6.23,6.27,0.44,-0.28,0.04,-0.42,-0.05
Kilimanjaro,7.41,8.14,7.92,9.44,8.23,7.97,7.69,7.57,8.41,7.91,0.56,-0.45,-0.35,-1.03,-0.32
Douala,5.83,10.0,8.17,9.93,7.98,6.53,10.0,8.78,9.79,8.78,0.7,0.0,0.61,-0.14,0.8
Weihai Dashuibo,6.67,0.53,5.07,0.96,3.31,6.4,0.0,5.1,1.88,3.34,-0.27,-0.53,0.03,0.92,0.03
Brisbane,5.45,10.0,7.85,9.4,7.57,5.85,10.0,7.9,8.0,7.94,0.4,0.0,0.05,-1.4,0.37
Lusaka,5.0,10.0,0.75,9.64,5.13,5.05,10.0,0.6,9.87,6.38,0.05,0.0,-0.15,0.23,1.25
Antigua,6.67,10.0,7.82,8.25,7.58,6.63,10.0,8.33,7.26,8.06,-0.04,0.0,0.51,-0.99,0.48
Munster-Osnabruck,6.33,10.0,6.74,7.35,6.81,5.33,9.77,6.67,7.49,7.32,-1.0,-0.23,-0.07,0.14,0.51
Rotterdam,7.78,10.0,9.71,9.06,8.85,8.01,9.39,9.71,10.0,9.28,0.23,-0.61,0.0,0.94,0.43
Paderborn,3.33,0.05,9.25,4.98,4.4,3.58,0.9,9.52,5.73,4.93,0.25,0.85,0.27,0.75,0.53
Phu Quok,7.67,0.09,6.97,1.29,4.0,8.06,0.0,6.94,1.64,4.16,0.39,-0.09,-0.03,0.35,0.16
Genoa,6.19,10.0,7.55,8.06,7.27,6.97,10.0,6.87,8.15,8.0,0.78,0.0,-0.68,0.09,0.73
Kigali,5.0,10.0,2.57,4.95,4.17,4.66,10.0,2.44,3.96,5.26,-0.34,0.0,-0.13,-0.99,1.09
Dortmund,6.41,10.0,8.23,9.64,8.09,6.65,10.0,8.03,10.0,8.67,0.24,0.0,-0.2,0.36,0.58
Mombasa,5.71,10.0,8.64,9.76,8.04,5.65,10.0,9.46,9.34,8.61,-0.06,0.0,0.82,-0.42,0.57
Malmo,6.67,0.56,6.52,8.32,5.52,7.34,0.74,6.37,7.55,5.5,0.67,0.18,-0.15,-0.77,-0.02
Mazatlan,7.44,5.22,2.37,8.46,5.87,6.82,4.85,2.9,8.67,5.81,-0.62,-0.37,0.53,0.21,-0.06
Dalian Zhoushuizi,7.78,0.0,0.0,0.0,1.94,6.64,0.11,0.35,0.01,1.78,-1.14,0.11,0.35,0.01,-0.16
Mudanjiang Hailang,7.22,1.27,7.82,1.63,4.49,6.85,1.32,7.72,0.97,4.22,-0.37,0.05,-0.1,-0.66,-0.27
La Paz Manuel Marquez de Leon,6.53,9.04,2.47,9.16,6.8,7.55,9.0,2.25,8.85,6.91,1.02,-0.04,-0.22,-0.31,0.11
Konya Airport,6.13,6.43,6.8,8.07,6.86,5.94,6.13,6.94,7.92,6.73,-0.19,-0.3,0.14,-0.15,-0.13
Hiroshima,6.67,10.0,6.38,0.43,4.49,5.67,10.0,6.73,1.12,5.88,-1.0,0.0,0.35,0.69,1.39
Okayama,5.93,10.0,4.11,0.0,3.35,6.22,9.51,4.38,0.0,5.03,0.29,-0.49,0.27,0.0,1.68
Nanchang Changbei,8.33,3.83,8.53,0.0,5.17,8.5,4.43,8.75,0.0,5.42,0.17,0.6,0.22,0.0,0.25
Belo Horizonte,6.77,7.02,9.27,9.35,8.1,6.78,6.98,9.1,10.0,8.22,0.01,-0.04,-0.17,0.65,0.12
Pula,5.0,10.0,5.28,10.0,5.14,4.95,10.0,4.33,9.81,7.27,-0.05,0.0,-0.95,-0.19,2.13
Liberia,4.17,10.0,8.74,8.16,7.02,3.47,9.96,7.59,8.51,7.38,-0.7,-0.04,-1.15,0.35,0.36
Abuja,6.67,6.0,4.02,8.16,6.21,6.57,6.35,3.76,9.1,6.44,-0.1,0.35,-0.26,0.94,0.23
Yangyang,5.42,0.0,0.0,0.0,1.36,5.39,0.0,0.15,0.0,1.38,-0.03,0.0,0.15,0.0,0.02
A Coruna,8.0,4.22,9.57,9.33,7.78,7.86,4.06,10.0,9.57,7.87,-0.14,-0.16,0.43,0.24,0.09
Norwich,7.33,0.08,5.31,1.56,3.57,7.3,0.0,4.98,1.94,3.56,-0.03,-0.08,-0.33,0.38,-0.01
Aalborg,7.5,0.0,7.26,6.91,5.42,7.83,0.86,6.74,8.1,5.88,0.33,0.86,-0.52,1.19,0.46
Auckland,4.44,0.0,0.0,0.0,1.11,4.0,0.13,0.0,0.0,1.03,-0.44,0.13,0.0,0.0,-0.08
Treviso,5.56,0.01,2.96,6.46,3.75,5.87,0.32,3.05,6.74,4.0,0.31,0.31,0.09,0.28,0.25
Ramon,6.44,10.0,0.0,0.0,2.15,5.72,10.0,0.0,0.0,3.93,-0.72,0.0,0.0,0.0,1.78
Ekaterinburg,5.83,0.0,3.08,3.35,3.06,6.2,0.14,2.72,3.13,3.05,0.37,0.14,-0.36,-0.22,-0.01
Kutahya Airport,5.68,4.41,0.0,0.0,2.52,5.31,3.76,0.74,0.0,2.45,-0.37,-0.65,0.74,0.0,-0.07
Samana El Catey,7.19,3.89,0.0,0.0,2.77,7.56,4.08,0.0,0.0,2.91,0.37,0.19,0.0,0.0,0.14
Minsk,5.56,10.0,0.16,0.04,1.92,5.32,9.7,1.56,0.15,4.18,-0.24,-0.3,1.4,0.11,2.26
Humberside,6.67,2.19,0.0,0.0,2.22,6.8,2.62,0.44,0.49,2.59,0.13,0.43,0.44,0.49,0.37
Min Vody,7.41,1.91,3.25,5.0,4.39,8.04,2.39,3.01,5.63,4.77,0.63,0.48,-0.24,0.63,0.38
St. George's Point Saline,6.96,6.37,9.6,8.37,7.82,6.95,6.07,10.0,8.2,7.8,-0.01,-0.3,0.4,-0.17,-0.02
Katima Mulilo,5.0,0.0,0.0,0.0,1.25,5.34,0.0,0.0,0.1,1.36,0.34,0.0,0.0,0.1,0.11
Graz,6.25,10.0,7.84,8.91,7.67,6.81,10.0,8.28,8.94,8.51,0.56,0.0,0.44,0.03,0.84
Kavala,6.11,2.69,0.0,0.0,2.2,6.22,3.25,0.0,0.0,2.37,0.11,0.56,0.0,0.0,0.17
Natal,6.55,4.03,9.39,7.8,6.94,6.62,4.11,10.0,7.37,7.02,0.07,0.08,0.61,-0.43,0.08
Florianopolis,6.11,8.42,2.22,9.31,6.52,6.27,8.17,1.67,9.79,6.48,0.16,-0.25,-0.55,0.48,-0.04
Grenoble,7.22,0.0,0.0,0.0,1.8,8.06,0.32,0.19,0.11,2.17,0.84,0.32,0.19,0.11,0.37
Ostrava,7.22,7.48,0.0,0.0,3.68,6.73,7.77,0.19,0.02,3.68,-0.49,0.29,0.19,0.02,0.0
Sydney,7.14,10.0,3.63,2.6,4.46,6.67,10.0,3.29,1.93,5.47,-0.47,0.0,-0.34,-0.67,1.01
Tarbes - Lourdes,6.67,2.84,0.0,0.0,2.38,6.43,3.31,0.14,0.31,2.55,-0.24,0.47,0.14,0.31,0.17
Brasilia,7.01,7.28,9.75,9.0,8.26,7.52,7.69,9.32,9.64,8.54,0.51,0.41,-0.43,0.64,0.28
Zadar,8.33,10.0,8.24,10.0,8.28,7.58,9.34,8.77,10.0,8.92,-0.75,-0.66,0.53,0.0,0.64
Porto Alegre,6.99,7.59,7.87,8.66,7.78,6.98,7.96,7.94,8.78,7.92,-0.01,0.37,0.07,0.12,0.14
Harbin Taiping,10.0,3.82,6.26,4.31,4.8,10.0,4.19,6.1,4.99,6.32,0.0,0.37,-0.16,0.68,1.52
Recife,7.22,9.15,9.52,8.91,8.7,7.16,9.12,9.62,8.49,8.6,-0.06,-0.03,0.1,-0.42,-0.1
Mitilini,7.62,3.3,4.59,7.45,5.74,8.29,2.13,4.99,7.56,5.74,0.67,-1.17,0.4,0.11,0.0
Amritsar,6.11,10.0,1.67,9.6,5.79,5.75,10.0,1.38,9.72,6.71,-0.36,0.0,-0.29,0.12,0.92
Anna,6.11,10.0,1.56,9.31,5.66,6.45,9.9,0.88,9.36,6.65,0.34,-0.1,-0.68,0.05,0.99
Goa,6.11,10.0,1.84,9.67,5.87,6.0,9.95,2.09,9.39,6.86,-0.11,-0.05,0.25,-0.28,0.99
Jaipur,6.11,10.0,1.59,10.0,3.85,5.71,9.83,1.55,9.51,6.65,-0.4,-0.17,-0.04,-0.49,2.8
Karipur,6.11,10.0,1.59,9.47,5.72,6.82,9.1,1.64,9.7,6.82,0.71,-0.9,0.05,0.23,1.1
Lucknow,6.11,10.0,1.57,9.47,5.72,5.29,9.86,1.46,10.0,6.65,-0.82,-0.14,-0.11,0.53,0.93
Mangalore,6.11,10.0,1.6,9.47,5.73,5.53,9.39,1.24,9.33,6.37,-0.58,-0.61,-0.36,-0.14,0.64
Netaji Subhash Chandra Bose Int. Airport,6.11,10.0,1.7,9.31,5.71,6.0,10.0,2.01,9.85,6.96,-0.11,0.0,0.31,0.54,1.25
Sardar Vallabh Bhai Patel,6.11,10.0,1.72,9.67,5.83,6.32,10.0,0.96,9.9,6.8,0.21,0.0,-0.76,0.23,0.97
Trichy,6.11,10.0,1.59,9.31,5.67,5.73,10.0,1.93,9.42,6.77,-0.38,0.0,0.34,0.11,1.1
Granada,6.67,0.51,7.28,9.28,5.94,6.85,0.0,7.94,9.29,6.02,0.18,-0.51,0.66,0.01,0.08
Yinchuan Hedong,5.56,0.09,0.23,0.3,1.54,6.48,0.35,0.08,0.94,1.96,0.92,0.26,-0.15,0.64,0.42
Gaborone,5.56,0.0,0.0,10.0,1.85,6.02,0.0,0.68,9.75,4.11,0.46,0.0,0.68,-0.25,2.26
Haiphong,10.0,0.0,5.23,0.06,1.76,9.5,0.0,4.63,0.64,3.69,-0.5,0.0,-0.6,0.58,1.93
Sierra Leone,6.67,10.0,4.69,9.77,7.04,6.68,9.51,4.73,9.7,7.65,0.01,-0.49,0.04,-0.07,0.61
Chambery,8.33,0.0,0.0,0.0,2.08,8.07,0.0,0.32,0.0,2.1,-0.26,0.0,0.32,0.0,0.02
London Southend Airport,8.33,3.89,5.87,6.55,6.16,8.82,4.16,6.08,6.21,6.32,0.49,0.27,0.21,-0.34,0.16
Bujumbura,6.36,10.0,3.91,8.47,6.25,6.54,10.0,4.24,8.01,7.2,0.18,0.0,0.33,-0.46,0.95
Ixtapa Zihuatanejo,6.57,1.78,4.07,8.17,5.15,7.12,1.78,4.78,8.27,5.49,0.55,0.0,0.71,0.1,0.34
Shizuoka,8.33,10.0,7.84,6.84,7.67,8.53,9.63,8.44,7.48,8.52,0.2,-0.37,0.6,0.64,0.85
Vaxjo,8.33,10.0,0.0,0.0,2.78,8.67,9.18,0.0,0.0,4.46,0.34,-0.82,0.0,0.0,1.68
Basseterre (Saint Kitts),6.81,6.32,4.99,4.58,5.67,5.97,6.47,4.98,4.15,5.39,-0.84,0.15,-0.01,-0.43,-0.28
Strasbourg,7.5,5.83,8.99,8.36,7.67,6.86,5.82,9.31,8.19,7.54,-0.64,-0.01,0.32,-0.17,-0.13
Maputo,8.33,0.0,0.0,0.0,2.08,8.35,0.0,0.0,0.68,2.26,0.02,0.0,0.0,0.68,0.18
Samarkand,6.25,10.0,1.04,6.5,4.6,6.25,10.0,0.67,5.93,5.71,0.0,0.0,-0.37,-0.57,1.11
Denizli Cardak Airport,6.44,0.01,5.77,4.64,4.22,7.01,0.0,6.3,5.12,4.61,0.57,-0.01,0.53,0.48,0.39
Queretaro,6.0,10.0,2.55,5.08,4.54,6.66,9.85,2.13,5.66,6.07,0.66,-0.15,-0.42,0.58,1.53
Shandong,7.5,0.0,0.0,0.0,1.88,7.32,0.47,0.09,0.0,1.97,-0.18,0.47,0.09,0.0,0.09
Kagoshima,4.44,10.0,8.52,5.75,6.24,3.93,8.89,8.46,6.12,6.85,-0.51,-1.11,-0.06,0.37,0.61
Tozeur,7.08,2.0,0.0,0.0,2.27,7.44,1.57,0.0,0.0,2.25,0.36,-0.43,0.0,0.0,-0.02
Kinshasa,7.78,10.0,0.8,1.35,3.31,7.48,9.27,0.0,0.59,4.34,-0.3,-0.73,-0.8,-0.76,1.03
Acapulco,6.52,1.67,1.67,7.52,4.34,5.34,1.02,2.21,6.16,3.68,-1.18,-0.65,0.54,-1.36,-0.66
Samos,6.67,4.2,4.62,7.47,5.74,6.73,4.05,4.73,6.83,5.59,0.06,-0.15,0.11,-0.64,-0.15
Samara,3.33,10.0,4.4,9.9,5.88,3.49,10.0,4.95,10.0,7.11,0.16,0.0,0.55,0.1,1.23
Rosario,5.42,10.0,6.22,9.44,7.03,5.53,9.95,5.77,10.0,7.81,0.11,-0.05,-0.45,0.56,0.78
Cairns,7.78,0.0,6.67,1.15,3.9,8.56,0.0,6.88,1.98,4.36,0.78,0.0,0.21,0.83,0.46
Kalibo,8.33,10.0,8.36,0.0,5.56,7.63,10.0,8.67,0.02,6.58,-0.7,0.0,0.31,0.02,1.02
Lulea,5.83,10.0,7.66,10.0,6.74,6.26,9.71,8.19,10.0,8.54,0.43,-0.29,0.53,0.0,1.8
Nykoping,10.0,10.0,6.57,8.85,7.71,8.97,9.74,5.98,9.39,8.52,-1.03,-0.26,-0.59,0.54,0.81
Quanzhou,6.19,10.0,0.0,0.0,2.06,6.17,10.0,0.0,0.08,4.06,-0.02,0.0,0.0,0.08,2.0
Erfurt,7.78,10.0,0.0,0.0,2.59,7.83,9.64,0.38,0.44,4.57,0.05,-0.36,0.38,0.44,1.98
Sihanoukville,6.19,3.7,0.0,0.0,2.47,5.81,3.68,0.76,0.16,2.6,-0.38,-0.02,0.76,0.16,0.13
Miyazaki,6.67,10.0,2.39,0.99,3.35,6.66,10.0,2.37,0.19,4.81,-0.01,0.0,-0.02,-0.8,1.46
Xuzhou Guanyin,6.0,0.47,0.0,0.75,1.8,5.94,1.06,0.02,0.86,1.97,-0.06,0.59,0.02,0.11,0.17
Karpathos,5.0,0.0,0.0,0.0,1.25,4.86,0.0,0.76,0.1,1.43,-0.14,0.0,0.76,0.1,0.18
Oita,10.0,0.0,3.26,1.38,1.55,8.88,0.0,3.09,0.82,3.2,-1.12,0.0,-0.17,-0.56,1.65
Bariloche,8.33,10.0,5.46,9.41,7.73,9.45,10.0,4.97,9.38,8.45,1.12,0.0,-0.49,-0.03,0.72
Radom,6.11,10.0,0.0,0.0,2.04,6.14,9.5,0.0,0.0,3.91,0.03,-0.5,0.0,0.0,1.87
Aktau,5.83,0.0,0.0,0.0,1.46,6.4,0.0,0.7,0.0,1.78,0.57,0.0,0.7,0.0,0.32
Umea,7.5,7.49,0.0,6.08,5.27,8.17,7.53,0.07,6.4,5.54,0.67,0.04,0.07,0.32,0.27
Fukushima,6.67,0.0,0.0,5.47,3.04,6.62,0.78,0.0,5.53,3.23,-0.05,0.78,0.0,0.06,0.19
Coolangatta,5.56,0.0,4.87,7.2,4.41,5.52,0.0,4.81,7.79,4.53,-0.04,0.0,-0.06,0.59,0.12
Marka,5.42,0.12,0.0,0.0,1.38,5.5,0.0,0.14,0.0,1.41,0.08,-0.12,0.14,0.0,0.03
Ioannina,5.71,9.43,0.0,0.0,3.78,5.18,9.49,0.0,0.16,3.71,-0.53,0.06,0.0,0.16,-0.07
Hatay Airport,5.0,0.0,0.0,0.0,1.25,4.0,0.0,0.0,0.0,1.0,-1.0,0.0,0.0,0.0,-0.25
Shymkent,6.67,0.0,0.0,0.0,1.67,7.08,0.25,0.9,0.13,2.09,0.41,0.25,0.9,0.13,0.42
Kazan,6.67,0.0,0.0,0.0,1.67,7.59,0.68,0.0,0.2,2.12,0.92,0.68,0.0,0.2,0.45
Gothenburg,6.67,0.0,5.32,6.39,4.6,6.99,0.08,6.21,5.67,4.74,0.32,0.08,0.89,-0.72,0.14
Luanda ,7.33,10.0,0.87,3.04,3.75,6.39,9.75,1.24,2.87,5.06,-0.94,-0.25,0.37,-0.17,1.31
Manama ,6.04,10.0,4.21,7.99,6.08,6.48,9.63,4.19,7.46,6.94,0.44,-0.37,-0.02,-0.53,0.86
Lanzarote,5.67,6.73,8.87,8.26,7.38,4.34,7.38,9.23,8.36,7.33,-1.33,0.65,0.36,0.1,-0.05
Aarhus,4.44,0.0,0.0,0.0,1.11,5.05,0.5,0.0,0.0,1.39,0.61,0.5,0.0,0.0,0.28
Glasgow Prestwick,6.67,0.86,4.98,0.1,3.15,5.79,1.33,4.98,0.46,3.14,-0.88,0.47,0.0,0.36,-0.01
Queenstown,4.44,10.0,6.65,4.25,5.11,4.49,10.0,6.7,3.23,6.1,0.05,0.0,0.05,-1.02,0.99
Juba,6.3,10.0,8.87,8.11,7.76,5.62,10.0,8.28,8.45,8.09,-0.68,0.0,-0.59,0.34,0.33
